"mutation_label","time_period","prevalence_plot","total_samples","p.adj"
"N86N","SP Period (1998-2005)",52.2610722610723,65,NA
"N86N","ACT Period (2006-2021)",90.2263527085072,451,NA
"Y184F","SP Period (1998-2005)",41.2820512820513,65,NA
"Y184F","ACT Period (2006-2021)",55.3634712462911,457,NA
"D1246D","SP Period (1998-2005)",63.2459207459207,63,NA
"D1246D","ACT Period (2006-2021)",90.192644914197,410,NA
