"year_bin","haplotype_label","prevalence","count","total_samples"
"1998-2001","N86N-Y184F-D1246D (NFD)",30,3,10
"1998-2001","N86Y-Y184Y-D1246D (YYD)",20,2,10
"1998-2001","N86Y-Y184Y-D1246Y (YYY)",50,5,10
"2002-2005","N86N-Y184F-D1246D (NFD)",26.6666666666667,4,15
"2002-2005","N86Y-Y184Y-D1246D (YYD)",6.66666666666667,1,15
"2002-2005","N86Y-Y184Y-D1246Y (YYY)",60,9,15
"2002-2005","N86Y-Y184F-D1246D (YFD)",6.66666666666667,1,15
"2006-2009","N86N-Y184F-D1246D (NFD)",33.3333333333333,8,24
"2006-2009","N86Y-Y184Y-D1246D (YYD)",4.16666666666667,1,24
"2006-2009","N86Y-Y184Y-D1246Y (YYY)",58.3333333333333,14,24
"2006-2009","N86Y-Y184F-D1246D (YFD)",4.16666666666667,1,24
"2010-2013","N86N-Y184Y-D1246Y (NYY)",8.57142857142857,3,35
"2010-2013","N86N-Y184F-D1246D (NFD)",68.5714285714286,24,35
"2010-2013","N86Y-Y184Y-D1246D (YYD)",14.2857142857143,5,35
"2010-2013","N86Y-Y184Y-D1246Y (YYY)",8.57142857142857,3,35
"2014-2017","N86N-Y184Y-D1246Y (NYY)",7.5,3,40
"2014-2017","N86N-Y184F-D1246D (NFD)",85,34,40
"2014-2017","N86N-Y184F-D1246Y (NFY)",5,2,40
"2014-2017","N86Y-Y184Y-D1246D (YYD)",2.5,1,40
"2018-2021","N86N-Y184Y-D1246Y (NYY)",3.125,1,32
"2018-2021","N86N-Y184F-D1246D (NFD)",93.75,30,32
"2018-2021","N86N-Y184F-D1246Y (NFY)",3.125,1,32
