"mutation","time_period","prevalence_plot","total_samples","p.adj"
"N51I","SP Period (1998-2005)",94.4444444444444,51,NA
"N51I","ACT Period (2006-2021)",99.004618569836,418,NA
"C59R","SP Period (1998-2005)",85.6267806267806,51,NA
"C59R","ACT Period (2006-2021)",97.1976212193604,418,NA
"S108N","SP Period (1998-2005)",100,49,NA
"S108N","ACT Period (2006-2021)",99.5341614906832,410,NA
"I164L","SP Period (1998-2005)",0,49,NA
"I164L","ACT Period (2006-2021)",6.28709704421848,403,NA
