"gene_name","mutation","Year_group","avg_prevalence","residue_number"
"dhfr-ts","N51I","1998-1999",50,51
"dhfr-ts","N51I","2000-2001",100,51
"dhfr-ts","N51I","2002-2003",100,51
"dhfr-ts","N51I","2004-2005",100,51
"dhfr-ts","N51I","2006-2007",100,51
"dhfr-ts","N51I","2008-2009",100,51
"dhfr-ts","N51I","2010-2011",90.8424908424908,51
"dhfr-ts","N51I","2012-2013",100,51
"dhfr-ts","N51I","2014-2015",100,51
"dhfr-ts","N51I","2016-2017",100,51
"dhfr-ts","N51I","2018-2019",100,51
"dhfr-ts","N51I","2020-2021",100,51
"dhfr-ts","C59R","1998-1999",75,59
"dhfr-ts","C59R","2000-2001",68.3333333333333,59
"dhfr-ts","C59R","2002-2003",88.8888888888889,59
"dhfr-ts","C59R","2004-2005",97.4358974358974,59
"dhfr-ts","C59R","2006-2007",100,59
"dhfr-ts","C59R","2008-2009",93.9393939393939,59
"dhfr-ts","C59R","2010-2011",87.5091575091575,59
"dhfr-ts","C59R","2012-2013",97.6190476190476,59
"dhfr-ts","C59R","2014-2015",98.8603988603989,59
"dhfr-ts","C59R","2016-2017",100,59
"dhfr-ts","C59R","2018-2019",98.3888888888889,59
"dhfr-ts","C59R","2020-2021",100,59
"dhfr-ts","I164L","1998-1999",0,164
"dhfr-ts","I164L","2000-2001",0,164
"dhfr-ts","I164L","2002-2003",0,164
"dhfr-ts","I164L","2004-2005",0,164
"dhfr-ts","I164L","2006-2007",0,164
"dhfr-ts","I164L","2008-2009",6.06060606060607,164
"dhfr-ts","I164L","2010-2011",0,164
"dhfr-ts","I164L","2012-2013",2.29885057471264,164
"dhfr-ts","I164L","2014-2015",2.47252747252747,164
"dhfr-ts","I164L","2016-2017",5,164
"dhfr-ts","I164L","2018-2019",2.77777777777778,164
"dhfr-ts","I164L","2020-2021",16.6666666666667,164
"dhfr-ts","S108N","1998-1999",100,108
"dhfr-ts","S108N","2000-2001",100,108
"dhfr-ts","S108N","2002-2003",100,108
"dhfr-ts","S108N","2004-2005",100,108
"dhfr-ts","S108N","2006-2007",100,108
"dhfr-ts","S108N","2008-2009",100,108
"dhfr-ts","S108N","2010-2011",95.7142857142857,108
"dhfr-ts","S108N","2012-2013",100,108
"dhfr-ts","S108N","2014-2015",100,108
"dhfr-ts","S108N","2016-2017",100,108
"dhfr-ts","S108N","2018-2019",100,108
"dhfr-ts","S108N","2020-2021",100,108
