"mutation","time_period","prevalence_plot","total_samples","p.adj"
"S436A","SP Period (1998-2005)",17.7777777777778,42,NA
"S436A","ACT Period (2006-2021)",0.241545893719806,379,NA
"S436H","SP Period (1998-2005)",0,36,NA
"S436H","ACT Period (2006-2021)",15.7560812837865,421,NA
"A437G","SP Period (1998-2005)",76.1111111111111,50,NA
"A437G","ACT Period (2006-2021)",96.8531347879174,388,NA
"K540E","SP Period (1998-2005)",72.037037037037,51,NA
"K540E","ACT Period (2006-2021)",96.5465534039703,419,NA
"A581G","SP Period (1998-2005)",0,51,NA
"A581G","ACT Period (2006-2021)",1.6148175912044,457,NA
"A613S","SP Period (1998-2005)",3.70370370370371,51,NA
"A613S","ACT Period (2006-2021)",0,449,NA
