"year_bin","haplotype_label","prevalence"
"1998-2001","A437G (G)",20
"1998-2001","A437G-K540E (GE)",80
"2002-2005","A437G (G)",3.7037037037037
"2002-2005","A437G-K540E (GE)",92.5925925925926
"2002-2005","A613S (S)",3.7037037037037
"2006-2009","K540E (E)",1.88679245283019
"2006-2009","A437G (G)",5.66037735849057
"2006-2009","A437G-K540E (GE)",92.4528301886792
"2010-2013","K540E (E)",1.47058823529412
"2010-2013","A437G (G)",1.47058823529412
"2010-2013","A437G-K540E (GE)",92.6470588235294
"2010-2013","S436H-A437G-K540E (HGE)",4.41176470588235
"2014-2017","WT",1.75438596491228
"2014-2017","K540E (E)",1.75438596491228
"2014-2017","A437G (G)",4.3859649122807
"2014-2017","A437G-K540E (GE)",88.5964912280702
"2014-2017","S436H-A437G-K540E (HGE)",3.50877192982456
"2018-2021","K540E (E)",2.08333333333333
"2018-2021","A437G (G)",5.20833333333333
"2018-2021","A437G-K540E (GE)",92.7083333333333
